<?xml version = '1.0' encoding = 'UTF-8'?>
<Table class="oracle.dbtools.crest.model.design.relational.Table" directorySegmentName="seg_0" id="1295AB61-17DF-3EA9-D2E5-8764643504E6" name="T_ENDERECO">
<createdBy>logonrmlocal</createdBy>
<createdTime>2019-05-23 13:37:25 UTC</createdTime>
<generatorID>1D9F8672-3683-900D-DAF8-F714DEAE0D00</generatorID>
<ownerDesignName>datamodeler_waterclock</ownerDesignName>
<allowColumnReorder>false</allowColumnReorder>
<existDependencyGenerateInDDl>true</existDependencyGenerateInDDl>
<parsed>true</parsed>
<columns itemClass="oracle.dbtools.crest.model.design.relational.Column">
<Column name="cd_endereco" id="C6871C39-6907-32A8-1253-793793DA9AB5">
<createdBy>logonrmlocal</createdBy>
<createdTime>2019-05-23 13:37:25 UTC</createdTime>
<generatorID>3D36CFA6-62B6-F4DE-7A23-4CF07BD75014</generatorID>
<ownerDesignName>datamodeler_waterclock</ownerDesignName>
<useDomainConstraints>false</useDomainConstraints>
<use>1</use>
<logicalDatatype>LOGDT019</logicalDatatype>
<dataTypePrecision>7</dataTypePrecision>
<ownDataTypeParameters>,7,</ownDataTypeParameters>
<autoIncrementCycle>false</autoIncrementCycle>
</Column>
<Column name="cd_usuario" id="87B81353-B2C6-7D4D-92A5-334770E17225">
<createdBy>logonrmlocal</createdBy>
<createdTime>2019-05-23 13:37:25 UTC</createdTime>
<generatorID>113DED2A-BB50-C1EB-AF45-3716DD61821A</generatorID>
<ownerDesignName>datamodeler_waterclock</ownerDesignName>
<useDomainConstraints>false</useDomainConstraints>
<use>1</use>
<logicalDatatype>LOGDT019</logicalDatatype>
<dataTypePrecision>7</dataTypePrecision>
<ownDataTypeParameters>,,</ownDataTypeParameters>
<previousColumn>false</previousColumn>
<autoIncrementCycle>false</autoIncrementCycle>
<associations>
<colAssociation fkAssociation="71DD2A0F-315A-EC1F-0EE8-888A96C98F3E" referredColumn="AD14A3A3-2C6B-7494-25AD-B222E17A6A25"/>
</associations>
</Column>
<Column name="ds_rua" id="44D39887-9026-7619-1B53-DD565C636FB5">
<createdBy>logonrmlocal</createdBy>
<createdTime>2019-05-23 13:37:25 UTC</createdTime>
<generatorID>FD0ACF0A-94DE-5115-2780-DF8203C0F6D4</generatorID>
<ownerDesignName>datamodeler_waterclock</ownerDesignName>
<useDomainConstraints>false</useDomainConstraints>
<use>1</use>
<logicalDatatype>LOGDT024</logicalDatatype>
<dataTypeSize>60</dataTypeSize>
<ownDataTypeParameters>60,,</ownDataTypeParameters>
<autoIncrementCycle>false</autoIncrementCycle>
</Column>
<Column name="nr_casa" id="2FDA269F-3B2B-5A45-44B3-41F3C58D717B">
<createdBy>logonrmlocal</createdBy>
<createdTime>2019-05-23 13:37:25 UTC</createdTime>
<generatorID>8742F3EC-EC44-8F53-F68A-B1D79133847A</generatorID>
<ownerDesignName>datamodeler_waterclock</ownerDesignName>
<useDomainConstraints>false</useDomainConstraints>
<use>1</use>
<logicalDatatype>LOGDT019</logicalDatatype>
<dataTypePrecision>6</dataTypePrecision>
<ownDataTypeParameters>,6,</ownDataTypeParameters>
<autoIncrementCycle>false</autoIncrementCycle>
</Column>
<Column name="nr_cep" id="C505D726-4B6C-76A2-FD27-0724D95B3246">
<createdBy>logonrmlocal</createdBy>
<createdTime>2019-05-23 13:37:25 UTC</createdTime>
<generatorID>833FCAF2-07A8-4826-DF30-6925B770ABA3</generatorID>
<ownerDesignName>datamodeler_waterclock</ownerDesignName>
<useDomainConstraints>false</useDomainConstraints>
<use>1</use>
<logicalDatatype>LOGDT019</logicalDatatype>
<dataTypePrecision>8</dataTypePrecision>
<ownDataTypeParameters>,8,</ownDataTypeParameters>
<autoIncrementCycle>false</autoIncrementCycle>
</Column>
<Column name="ds_bairro" id="69E2752A-6F51-A049-32BB-7DD470AC639D">
<createdBy>logonrmlocal</createdBy>
<createdTime>2019-05-23 13:37:25 UTC</createdTime>
<generatorID>611B94E1-546D-3769-0D69-9D46AA427C68</generatorID>
<ownerDesignName>datamodeler_waterclock</ownerDesignName>
<nullsAllowed>true</nullsAllowed>
<useDomainConstraints>false</useDomainConstraints>
<use>1</use>
<logicalDatatype>LOGDT024</logicalDatatype>
<dataTypeSize>60</dataTypeSize>
<ownDataTypeParameters>60,,</ownDataTypeParameters>
<autoIncrementCycle>false</autoIncrementCycle>
</Column>
<Column name="ds_cidade" id="11631D35-1BE9-6556-ADF0-1C1F04BBDB61">
<createdBy>logonrmlocal</createdBy>
<createdTime>2019-05-23 13:37:25 UTC</createdTime>
<generatorID>46D7BE10-7451-E58D-D703-F73C2EE32D37</generatorID>
<ownerDesignName>datamodeler_waterclock</ownerDesignName>
<useDomainConstraints>false</useDomainConstraints>
<use>1</use>
<logicalDatatype>LOGDT024</logicalDatatype>
<dataTypeSize>30</dataTypeSize>
<ownDataTypeParameters>30,,</ownDataTypeParameters>
<autoIncrementCycle>false</autoIncrementCycle>
</Column>
<Column name="ds_estado" id="56E95629-1109-FAA9-D135-9F12595ED2E9">
<createdBy>logonrmlocal</createdBy>
<createdTime>2019-05-23 13:37:25 UTC</createdTime>
<generatorID>A3BA3881-D611-3012-8D36-E06B09587788</generatorID>
<ownerDesignName>datamodeler_waterclock</ownerDesignName>
<useDomainConstraints>false</useDomainConstraints>
<use>1</use>
<logicalDatatype>LOGDT024</logicalDatatype>
<dataTypeSize>2</dataTypeSize>
<ownDataTypeParameters>2,,</ownDataTypeParameters>
<autoIncrementCycle>false</autoIncrementCycle>
</Column>
<Column name="ds_tipo" id="BF0DCC73-CCD9-7CB8-5FE7-E22D847ADF4A">
<createdBy>logonrmlocal</createdBy>
<createdTime>2019-05-23 13:37:25 UTC</createdTime>
<generatorID>B0A79100-352B-E7EE-DC22-67530169404A</generatorID>
<ownerDesignName>datamodeler_waterclock</ownerDesignName>
<useDomainConstraints>false</useDomainConstraints>
<use>1</use>
<logicalDatatype>LOGDT024</logicalDatatype>
<dataTypeSize>20</dataTypeSize>
<ownDataTypeParameters>20,,</ownDataTypeParameters>
<autoIncrementCycle>false</autoIncrementCycle>
</Column>
<Column name="ds_hidrometro" id="B2ED7927-973E-8195-BD7C-D321682F4FCF">
<createdBy>logonrmlocal</createdBy>
<createdTime>2019-05-23 13:37:25 UTC</createdTime>
<generatorID>9E5FBCA6-F1CB-23A0-D8DB-0A2BEB4EE1F7</generatorID>
<ownerDesignName>datamodeler_waterclock</ownerDesignName>
<useDomainConstraints>false</useDomainConstraints>
<use>1</use>
<logicalDatatype>LOGDT024</logicalDatatype>
<dataTypeSize>30</dataTypeSize>
<ownDataTypeParameters>30,,</ownDataTypeParameters>
<autoIncrementCycle>false</autoIncrementCycle>
</Column>
</columns>
<indexes itemClass="oracle.dbtools.crest.model.design.relational.Index">
<ind_PK_UK id="6FABFF46-3AE5-C69A-CFCA-382D07974F24" name="PK_ENDERECO">
<createdBy>logonrmlocal</createdBy>
<createdTime>2019-05-23 13:37:25 UTC</createdTime>
<generatorID>8F152986-DD27-1655-F566-0A2B7A85F790</generatorID>
<ownerDesignName>datamodeler_waterclock</ownerDesignName>
<pk>true</pk>
<indexState>Primary Constraint</indexState>
<isSurrogateKey>false</isSurrogateKey>
<indexColumnUsage>
<colUsage columnID="C6871C39-6907-32A8-1253-793793DA9AB5"/>
</indexColumnUsage>
</ind_PK_UK>
<ind_PK_UK id="30F0DD21-DD97-3A28-883A-3BE1BC393193" name="FK_ENDERECO_USUARIO">
<createdBy>logonrmlocal</createdBy>
<createdTime>2019-05-23 13:37:26 UTC</createdTime>
<generatorID>E4DB2AD5-D523-FC05-6862-CFB051456F6E</generatorID>
<ownerDesignName>datamodeler_waterclock</ownerDesignName>
<indexState>Foreign Key</indexState>
<isSurrogateKey>false</isSurrogateKey>
<indexColumnUsage>
<colUsage columnID="87B81353-B2C6-7D4D-92A5-334770E17225"/>
</indexColumnUsage>
</ind_PK_UK>
</indexes>
</Table>