<?xml version = '1.0' encoding = 'UTF-8'?>
<Table class="oracle.dbtools.crest.model.design.relational.Table" directorySegmentName="seg_0" id="13BA9E4E-3292-EA8F-7890-A4CDD4C37E37" name="T_CONSUMO_MENSAL">
<createdBy>logonrmlocal</createdBy>
<createdTime>2019-05-23 13:37:25 UTC</createdTime>
<generatorID>B316AF3D-311A-F25A-20A0-2A65A78E17CC</generatorID>
<ownerDesignName>datamodeler_waterclock</ownerDesignName>
<allowColumnReorder>false</allowColumnReorder>
<existDependencyGenerateInDDl>true</existDependencyGenerateInDDl>
<parsed>true</parsed>
<columns itemClass="oracle.dbtools.crest.model.design.relational.Column">
<Column name="dt_mes" id="48164C37-AACC-1670-32E9-05090E13C832">
<createdBy>logonrmlocal</createdBy>
<createdTime>2019-05-23 13:37:25 UTC</createdTime>
<generatorID>DBB3D422-384D-DAB1-DE15-834B68230CE2</generatorID>
<ownerDesignName>datamodeler_waterclock</ownerDesignName>
<useDomainConstraints>false</useDomainConstraints>
<use>1</use>
<logicalDatatype>LOGDT007</logicalDatatype>
<ownDataTypeParameters>,,</ownDataTypeParameters>
<autoIncrementCycle>false</autoIncrementCycle>
</Column>
<Column name="cd_endereco" id="227F98D2-13B5-6C2F-8784-AE427FD88279">
<createdBy>logonrmlocal</createdBy>
<createdTime>2019-05-23 13:37:25 UTC</createdTime>
<generatorID>AFBFEF42-8FC3-13FE-BECB-4F2592D37EEF</generatorID>
<ownerDesignName>datamodeler_waterclock</ownerDesignName>
<useDomainConstraints>false</useDomainConstraints>
<use>1</use>
<logicalDatatype>LOGDT019</logicalDatatype>
<dataTypePrecision>7</dataTypePrecision>
<ownDataTypeParameters>,,</ownDataTypeParameters>
<previousColumn>false</previousColumn>
<autoIncrementCycle>false</autoIncrementCycle>
<associations>
<colAssociation fkAssociation="D747EF91-FD59-C5D6-B9B5-583ADBD72E08" referredColumn="C6871C39-6907-32A8-1253-793793DA9AB5"/>
</associations>
</Column>
<Column name="vl_tarifa" id="40B13FB8-E02F-B750-8891-E48CCCBEFE29">
<createdBy>logonrmlocal</createdBy>
<createdTime>2019-05-23 13:37:25 UTC</createdTime>
<generatorID>200A45FD-C43E-E864-C719-4191B2CAED4E</generatorID>
<ownerDesignName>datamodeler_waterclock</ownerDesignName>
<useDomainConstraints>false</useDomainConstraints>
<use>1</use>
<logicalDatatype>LOGDT019</logicalDatatype>
<dataTypePrecision>6</dataTypePrecision>
<dataTypeScale>2</dataTypeScale>
<ownDataTypeParameters>,6,2</ownDataTypeParameters>
<autoIncrementCycle>false</autoIncrementCycle>
</Column>
<Column name="nr_volume_mensal" id="3E3EBFAE-AA4B-9840-28FA-F0657D291BDE">
<createdBy>logonrmlocal</createdBy>
<createdTime>2019-05-23 13:37:25 UTC</createdTime>
<generatorID>FAF37F3E-6ADE-7D2A-E502-E446F83BD853</generatorID>
<ownerDesignName>datamodeler_waterclock</ownerDesignName>
<useDomainConstraints>false</useDomainConstraints>
<use>1</use>
<logicalDatatype>LOGDT019</logicalDatatype>
<dataTypePrecision>12</dataTypePrecision>
<dataTypeScale>4</dataTypeScale>
<ownDataTypeParameters>,12,4</ownDataTypeParameters>
<autoIncrementCycle>false</autoIncrementCycle>
</Column>
<Column name="vl_conta_mensal" id="D9854265-2551-37A6-38A2-A68F10091CF1">
<createdBy>logonrmlocal</createdBy>
<createdTime>2019-05-23 13:37:25 UTC</createdTime>
<generatorID>5683EF77-653C-8C39-94B8-047D1185A30B</generatorID>
<ownerDesignName>datamodeler_waterclock</ownerDesignName>
<useDomainConstraints>false</useDomainConstraints>
<use>1</use>
<logicalDatatype>LOGDT019</logicalDatatype>
<dataTypePrecision>9</dataTypePrecision>
<dataTypeScale>2</dataTypeScale>
<ownDataTypeParameters>,9,2</ownDataTypeParameters>
<autoIncrementCycle>false</autoIncrementCycle>
</Column>
</columns>
<indexes itemClass="oracle.dbtools.crest.model.design.relational.Index">
<ind_PK_UK id="C357DB6D-B0BD-E496-0A4F-3C898AD3C8F7" name="PK_CONSUMO_MENSAL">
<createdBy>logonrmlocal</createdBy>
<createdTime>2019-05-23 13:37:25 UTC</createdTime>
<generatorID>3F8D808C-7642-01A1-8C6E-283B6D1B0C62</generatorID>
<ownerDesignName>datamodeler_waterclock</ownerDesignName>
<pk>true</pk>
<indexState>Primary Constraint</indexState>
<isSurrogateKey>false</isSurrogateKey>
<indexColumnUsage>
<colUsage columnID="227F98D2-13B5-6C2F-8784-AE427FD88279"/>
<colUsage columnID="48164C37-AACC-1670-32E9-05090E13C832"/>
</indexColumnUsage>
</ind_PK_UK>
<ind_PK_UK id="C586E9A2-6A16-A885-8650-24295CE27829" name="PK_CONSUMO_MES_ENDERECO">
<createdBy>logonrmlocal</createdBy>
<createdTime>2019-05-23 13:37:26 UTC</createdTime>
<generatorID>DCA1D05E-D424-4721-9FC4-DDD59BE9C92D</generatorID>
<ownerDesignName>datamodeler_waterclock</ownerDesignName>
<indexState>Foreign Key</indexState>
<isSurrogateKey>false</isSurrogateKey>
<indexColumnUsage>
<colUsage columnID="227F98D2-13B5-6C2F-8784-AE427FD88279"/>
</indexColumnUsage>
</ind_PK_UK>
</indexes>
</Table>