<?xml version = '1.0' encoding = 'UTF-8'?>
<Table class="oracle.dbtools.crest.model.design.relational.Table" directorySegmentName="seg_0" id="7D2F8493-9F70-6D06-3D27-7FD15BA116A8" name="T_CONSUMO_DIARIO">
<createdBy>logonrmlocal</createdBy>
<createdTime>2019-05-23 13:37:25 UTC</createdTime>
<generatorID>FFD9CA73-8350-6E9E-E711-673A5C4BD8C3</generatorID>
<ownerDesignName>datamodeler_waterclock</ownerDesignName>
<allowColumnReorder>false</allowColumnReorder>
<existDependencyGenerateInDDl>true</existDependencyGenerateInDDl>
<parsed>true</parsed>
<columns itemClass="oracle.dbtools.crest.model.design.relational.Column">
<Column name="dt_dia" id="6C6A6C18-39E3-075B-6FFF-F24CCA9222FC">
<createdBy>logonrmlocal</createdBy>
<createdTime>2019-05-23 13:37:25 UTC</createdTime>
<generatorID>0733908B-AE8F-B826-76DE-5C0B6CA23C1D</generatorID>
<ownerDesignName>datamodeler_waterclock</ownerDesignName>
<use>0</use>
<ownDataTypeParameters>,,</ownDataTypeParameters>
<autoIncrementCycle>false</autoIncrementCycle>
</Column>
<Column name="dt_mes" id="9429FC86-8EFB-9707-98BD-C37468C33ADC">
<createdBy>logonrmlocal</createdBy>
<createdTime>2019-05-23 13:37:25 UTC</createdTime>
<generatorID>4392238E-3F1C-CD3B-ABFC-3272D4DC5AF3</generatorID>
<ownerDesignName>datamodeler_waterclock</ownerDesignName>
<useDomainConstraints>false</useDomainConstraints>
<use>1</use>
<logicalDatatype>LOGDT007</logicalDatatype>
<ownDataTypeParameters>,,</ownDataTypeParameters>
<previousColumn>false</previousColumn>
<autoIncrementCycle>false</autoIncrementCycle>
<associations>
<colAssociation fkAssociation="799B59D8-191B-A815-5ABC-1FF90425F169" referredColumn="48164C37-AACC-1670-32E9-05090E13C832"/>
</associations>
</Column>
<Column name="cd_endereco" id="0AB87B6F-60BA-717E-F5E8-FB9F20580300">
<createdBy>logonrmlocal</createdBy>
<createdTime>2019-05-23 13:37:25 UTC</createdTime>
<generatorID>A4C2D536-938B-63F5-AD2B-7D29E735F08B</generatorID>
<ownerDesignName>datamodeler_waterclock</ownerDesignName>
<useDomainConstraints>false</useDomainConstraints>
<use>1</use>
<logicalDatatype>LOGDT019</logicalDatatype>
<dataTypePrecision>7</dataTypePrecision>
<ownDataTypeParameters>,,</ownDataTypeParameters>
<previousColumn>false</previousColumn>
<autoIncrementCycle>false</autoIncrementCycle>
<associations>
<colAssociation fkAssociation="799B59D8-191B-A815-5ABC-1FF90425F169" referredColumn="227F98D2-13B5-6C2F-8784-AE427FD88279"/>
</associations>
</Column>
<Column name="nr_volume_diario" id="0CA18990-FAE6-F7F9-65D5-90626C47FD40">
<createdBy>logonrmlocal</createdBy>
<createdTime>2019-05-23 13:37:25 UTC</createdTime>
<generatorID>5DDEE17D-F87D-F2CD-94D3-3D20E8EE175C</generatorID>
<ownerDesignName>datamodeler_waterclock</ownerDesignName>
<useDomainConstraints>false</useDomainConstraints>
<use>1</use>
<logicalDatatype>LOGDT019</logicalDatatype>
<dataTypePrecision>10</dataTypePrecision>
<dataTypeScale>4</dataTypeScale>
<ownDataTypeParameters>,10,4</ownDataTypeParameters>
<autoIncrementCycle>false</autoIncrementCycle>
</Column>
<Column name="hr_ultima_checagem" id="F09EBFBA-333E-6C66-0B11-C7C2D92E8293">
<createdBy>logonrmlocal</createdBy>
<createdTime>2019-05-23 13:37:25 UTC</createdTime>
<generatorID>5245F1A9-74F1-BEE7-8026-F6A7FE85C163</generatorID>
<ownerDesignName>datamodeler_waterclock</ownerDesignName>
<useDomainConstraints>false</useDomainConstraints>
<use>1</use>
<logicalDatatype>LOGDT007</logicalDatatype>
<ownDataTypeParameters>,,</ownDataTypeParameters>
<autoIncrementCycle>false</autoIncrementCycle>
</Column>
</columns>
<indexes itemClass="oracle.dbtools.crest.model.design.relational.Index">
<ind_PK_UK id="8C39B0FD-E40F-C878-C994-F171FBDE87DC" name="PK_CONSUMO_DIARIO">
<createdBy>logonrmlocal</createdBy>
<createdTime>2019-05-23 13:37:25 UTC</createdTime>
<generatorID>0096568C-20A7-6F58-1393-FDF9D3E4B7DF</generatorID>
<ownerDesignName>datamodeler_waterclock</ownerDesignName>
<pk>true</pk>
<indexState>Primary Constraint</indexState>
<isSurrogateKey>false</isSurrogateKey>
<indexColumnUsage>
<colUsage columnID="6C6A6C18-39E3-075B-6FFF-F24CCA9222FC"/>
<colUsage columnID="0AB87B6F-60BA-717E-F5E8-FB9F20580300"/>
<colUsage columnID="9429FC86-8EFB-9707-98BD-C37468C33ADC"/>
</indexColumnUsage>
</ind_PK_UK>
<ind_PK_UK id="219BF0FC-A86C-CCA2-1B21-3796A9070A7B" name="FK_CONSUMO_DIARIO_MENSAL">
<createdBy>logonrmlocal</createdBy>
<createdTime>2019-05-23 13:37:25 UTC</createdTime>
<generatorID>2971F2D7-588E-75E3-2B06-1CEAB79275E9</generatorID>
<ownerDesignName>datamodeler_waterclock</ownerDesignName>
<indexState>Foreign Key</indexState>
<isSurrogateKey>false</isSurrogateKey>
<indexColumnUsage>
<colUsage columnID="0AB87B6F-60BA-717E-F5E8-FB9F20580300"/>
<colUsage columnID="9429FC86-8EFB-9707-98BD-C37468C33ADC"/>
</indexColumnUsage>
</ind_PK_UK>
</indexes>
</Table>