<?xml version = '1.0' encoding = 'UTF-8'?>
<Table class="oracle.dbtools.crest.model.design.relational.Table" directorySegmentName="seg_0" id="CF59B837-0092-0C0E-795D-BF3618CC1903" name="T_USUARIO">
<createdBy>logonrmlocal</createdBy>
<createdTime>2019-05-23 13:37:25 UTC</createdTime>
<generatorID>B67E6D2E-79D5-44D1-2237-5B7B8AAF89BB</generatorID>
<ownerDesignName>datamodeler_waterclock</ownerDesignName>
<allowColumnReorder>false</allowColumnReorder>
<existDependencyGenerateInDDl>true</existDependencyGenerateInDDl>
<parsed>true</parsed>
<columns itemClass="oracle.dbtools.crest.model.design.relational.Column">
<Column name="cd_usuario" id="AD14A3A3-2C6B-7494-25AD-B222E17A6A25">
<createdBy>logonrmlocal</createdBy>
<createdTime>2019-05-23 13:37:25 UTC</createdTime>
<generatorID>60FFAF5A-8792-1644-103B-265DE856D054</generatorID>
<ownerDesignName>datamodeler_waterclock</ownerDesignName>
<useDomainConstraints>false</useDomainConstraints>
<use>1</use>
<logicalDatatype>LOGDT019</logicalDatatype>
<dataTypePrecision>7</dataTypePrecision>
<ownDataTypeParameters>,7,</ownDataTypeParameters>
<autoIncrementCycle>false</autoIncrementCycle>
</Column>
<Column name="ds_email" id="4D847DE7-C34D-A661-2423-08A5B91FBF41">
<createdBy>logonrmlocal</createdBy>
<createdTime>2019-05-23 13:37:25 UTC</createdTime>
<generatorID>B191DEA7-2960-F2F0-AEA8-50EA00F3EF1F</generatorID>
<ownerDesignName>datamodeler_waterclock</ownerDesignName>
<useDomainConstraints>false</useDomainConstraints>
<use>1</use>
<logicalDatatype>LOGDT024</logicalDatatype>
<dataTypeSize>60</dataTypeSize>
<ownDataTypeParameters>60,,</ownDataTypeParameters>
<autoIncrementCycle>false</autoIncrementCycle>
</Column>
<Column name="ds_senha" id="AB7407C4-180E-2F46-C493-E098381AE0FC">
<createdBy>logonrmlocal</createdBy>
<createdTime>2019-05-23 13:37:25 UTC</createdTime>
<generatorID>D24BEA08-6A27-AFFF-B51C-554DDD3DE912</generatorID>
<ownerDesignName>datamodeler_waterclock</ownerDesignName>
<useDomainConstraints>false</useDomainConstraints>
<use>1</use>
<logicalDatatype>LOGDT024</logicalDatatype>
<dataTypeSize>30</dataTypeSize>
<ownDataTypeParameters>30,,</ownDataTypeParameters>
<autoIncrementCycle>false</autoIncrementCycle>
</Column>
<Column name="nm_usuario" id="C76D1683-7B16-127A-A638-D37419B34ADF">
<createdBy>logonrmlocal</createdBy>
<createdTime>2019-05-23 13:37:25 UTC</createdTime>
<generatorID>D767D058-4083-F794-A240-CFB9CADE8B0A</generatorID>
<ownerDesignName>datamodeler_waterclock</ownerDesignName>
<useDomainConstraints>false</useDomainConstraints>
<use>1</use>
<logicalDatatype>LOGDT024</logicalDatatype>
<dataTypeSize>60</dataTypeSize>
<ownDataTypeParameters>60,,</ownDataTypeParameters>
<autoIncrementCycle>false</autoIncrementCycle>
</Column>
<Column name="nr_cpf" id="0930F228-5A05-42C5-24A9-B28EAA067E50">
<createdBy>logonrmlocal</createdBy>
<createdTime>2019-05-23 13:37:25 UTC</createdTime>
<generatorID>427AF7A7-8B0F-124D-0B41-72088931F648</generatorID>
<ownerDesignName>datamodeler_waterclock</ownerDesignName>
<useDomainConstraints>false</useDomainConstraints>
<use>1</use>
<logicalDatatype>LOGDT019</logicalDatatype>
<dataTypePrecision>11</dataTypePrecision>
<ownDataTypeParameters>,11,</ownDataTypeParameters>
<autoIncrementCycle>false</autoIncrementCycle>
</Column>
</columns>
<indexes itemClass="oracle.dbtools.crest.model.design.relational.Index">
<ind_PK_UK id="4AB7C556-200A-753A-6F23-5B49D8813588" name="PK_USUARIO">
<createdBy>logonrmlocal</createdBy>
<createdTime>2019-05-23 13:37:25 UTC</createdTime>
<generatorID>BB23BE3F-ED9C-1896-6561-3ABE301A2EC7</generatorID>
<ownerDesignName>datamodeler_waterclock</ownerDesignName>
<pk>true</pk>
<indexState>Primary Constraint</indexState>
<isSurrogateKey>false</isSurrogateKey>
<indexColumnUsage>
<colUsage columnID="AD14A3A3-2C6B-7494-25AD-B222E17A6A25"/>
</indexColumnUsage>
</ind_PK_UK>
</indexes>
</Table>