<?xml version = '1.0' encoding = 'UTF-8'?>
<Relation class="oracle.dbtools.crest.model.design.logical.Relation" name="REL_CONSUMO_MES_CONSUMO_DIA" directorySegmentName="seg_0" id="2971F2D7-588E-75E3-2B06-1CEAB79275E9">
<createdBy>logonrmlocal</createdBy>
<createdTime>2019-05-23 13:27:54 UTC</createdTime>
<ownerDesignName>datamodeler_waterclock</ownerDesignName>
<engineerTo>
<item key="1ABA69F0-90DD-0FE7-676A-4791D01672BC" value="true"/>
</engineerTo>
<sourcePk>3F8D808C-7642-01A1-8C6E-283B6D1B0C62</sourcePk>
<identifying>true</identifying>
<optionalSource>true</optionalSource>
<optionalTarget>false</optionalTarget>
<sourceCardinality>1</sourceCardinality>
<sourceEntity>B316AF3D-311A-F25A-20A0-2A65A78E17CC</sourceEntity>
<targetCardinalityString>*</targetCardinalityString>
<targetEntity>FFD9CA73-8350-6E9E-E711-673A5C4BD8C3</targetEntity>
<transferable>true</transferable>
<deleteRule>NO ACTION</deleteRule>
</Relation>