<?xml version = '1.0' encoding = 'UTF-8'?>
<Relation class="oracle.dbtools.crest.model.design.logical.Relation" name="REL_ENDERECO_CONSUMO_MENSAL" directorySegmentName="seg_0" id="DCA1D05E-D424-4721-9FC4-DDD59BE9C92D">
<createdBy>logonrmlocal</createdBy>
<createdTime>2019-05-23 13:27:24 UTC</createdTime>
<ownerDesignName>datamodeler_waterclock</ownerDesignName>
<engineerTo>
<item key="1ABA69F0-90DD-0FE7-676A-4791D01672BC" value="true"/>
</engineerTo>
<sourcePk>8F152986-DD27-1655-F566-0A2B7A85F790</sourcePk>
<identifying>true</identifying>
<optionalSource>true</optionalSource>
<optionalTarget>false</optionalTarget>
<sourceCardinality>1</sourceCardinality>
<sourceEntity>1D9F8672-3683-900D-DAF8-F714DEAE0D00</sourceEntity>
<targetCardinalityString>*</targetCardinalityString>
<targetEntity>B316AF3D-311A-F25A-20A0-2A65A78E17CC</targetEntity>
<transferable>true</transferable>
<deleteRule>NO ACTION</deleteRule>
</Relation>