<?xml version = '1.0' encoding = 'UTF-8'?>
<Relation class="oracle.dbtools.crest.model.design.logical.Relation" name="REL_USUARIO_ENDERECO" directorySegmentName="seg_0" id="E4DB2AD5-D523-FC05-6862-CFB051456F6E">
<createdBy>logonrmlocal</createdBy>
<createdTime>2019-05-23 13:26:53 UTC</createdTime>
<ownerDesignName>datamodeler_waterclock</ownerDesignName>
<engineerTo>
<item key="1ABA69F0-90DD-0FE7-676A-4791D01672BC" value="true"/>
</engineerTo>
<sourcePk>BB23BE3F-ED9C-1896-6561-3ABE301A2EC7</sourcePk>
<identifying>false</identifying>
<optionalSource>false</optionalSource>
<optionalTarget>false</optionalTarget>
<sourceCardinality>1</sourceCardinality>
<sourceEntity>B67E6D2E-79D5-44D1-2237-5B7B8AAF89BB</sourceEntity>
<targetCardinalityString>*</targetCardinalityString>
<targetEntity>1D9F8672-3683-900D-DAF8-F714DEAE0D00</targetEntity>
<transferable>true</transferable>
<deleteRule>NO ACTION</deleteRule>
</Relation>