<?xml version = '1.0' encoding = 'UTF-8'?>
<Diagram class="oracle.dbtools.crest.swingui.relational.DPVRelational" name="Relational_1" id="4164D2E1-6DBF-7401-EF4F-D8559BE1F4F2">
<createdBy>logonrmlocal</createdBy>
<modifiedBy>logonrmlocal</modifiedBy>
<createdTime>2019-05-23 13:37:25 UTC</createdTime>
<autoRoute>false</autoRoute>
<boxInbox>true</boxInbox>
<showLegend>false</showLegend>
<showLabels>false</showLabels>
<showRelAttributes>false</showRelAttributes>
<gridEnabled>false</gridEnabled>
<showGrid>false</showGrid>
<diagramColor>-1</diagramColor>
<display>false</display>
<notation>1</notation>
<objectViews>
<OView class="oracle.dbtools.crest.swingui.relational.TVTable" oid="1295AB61-17DF-3EA9-D2E5-8764643504E6" otype="Table" vid="4DFB083E-22D1-1134-F58A-CA732157FA60">
<hideElementsInCurrentOnly>false</hideElementsInCurrentOnly>
<bounds x="20" y="19" width="268" height="215"/>
</OView>
<OView class="oracle.dbtools.crest.swingui.relational.TVTable" oid="13BA9E4E-3292-EA8F-7890-A4CDD4C37E37" otype="Table" vid="0B94A353-563F-D918-31F4-AB0E336E5993">
<hideElementsInCurrentOnly>false</hideElementsInCurrentOnly>
<bounds x="11" y="295" width="261" height="170"/>
</OView>
<OView class="oracle.dbtools.crest.swingui.relational.TVTable" oid="7D2F8493-9F70-6D06-3D27-7FD15BA116A8" otype="Table" vid="8EC9E444-A8B3-F049-06C9-2E9B112BDD76">
<hideElementsInCurrentOnly>false</hideElementsInCurrentOnly>
<bounds x="318" y="291" width="302" height="181"/>
</OView>
<OView class="oracle.dbtools.crest.swingui.relational.TVTable" oid="CF59B837-0092-0C0E-795D-BF3618CC1903" otype="Table" vid="234B775D-A8F8-56ED-76F8-58A58D81EA1D">
<hideElementsInCurrentOnly>false</hideElementsInCurrentOnly>
<bounds x="334" y="56" width="219" height="154"/>
</OView>
</objectViews>
<connectors>
<Connector class="oracle.dbtools.crest.swingui.relational.TVFKRelation" oid="71DD2A0F-315A-EC1F-0EE8-888A96C98F3E" otype="FKIndexAssociation" vid_source="234B775D-A8F8-56ED-76F8-58A58D81EA1D" vid_target="4DFB083E-22D1-1134-F58A-CA732157FA60">
<hideElementsInCurrentOnly>false</hideElementsInCurrentOnly>
<backgroundColor>-16777216</backgroundColor>
<lineWidth>1</lineWidth>
<points>
<point x="334" y="133"/>
<point x="288" y="133"/>
</points>
</Connector>
<Connector class="oracle.dbtools.crest.swingui.relational.TVFKRelation" oid="799B59D8-191B-A815-5ABC-1FF90425F169" otype="FKIndexAssociation" vid_source="0B94A353-563F-D918-31F4-AB0E336E5993" vid_target="8EC9E444-A8B3-F049-06C9-2E9B112BDD76">
<hideElementsInCurrentOnly>false</hideElementsInCurrentOnly>
<backgroundColor>-16777216</backgroundColor>
<lineWidth>1</lineWidth>
<points>
<point x="272" y="380"/>
<point x="318" y="380"/>
</points>
</Connector>
<Connector class="oracle.dbtools.crest.swingui.relational.TVFKRelation" oid="D747EF91-FD59-C5D6-B9B5-583ADBD72E08" otype="FKIndexAssociation" vid_source="4DFB083E-22D1-1134-F58A-CA732157FA60" vid_target="0B94A353-563F-D918-31F4-AB0E336E5993">
<hideElementsInCurrentOnly>false</hideElementsInCurrentOnly>
<backgroundColor>-16777216</backgroundColor>
<lineWidth>1</lineWidth>
<points>
<point x="161" y="234"/>
<point x="161" y="295"/>
</points>
</Connector>
</connectors>
</Diagram>