<?xml version = '1.0' encoding = 'UTF-8'?>
<relationalModel class="oracle.dbtools.crest.model.design.relational.RelationalDesign" name="Relational_1" id="1ABA69F0-90DD-0FE7-676A-4791D01672BC" mainViewID="4164D2E1-6DBF-7401-EF4F-D8559BE1F4F2">
<createdBy>logonrmlocal</createdBy>
<createdTime>2019-05-23 13:14:10 UTC</createdTime>
<ownerDesignName>datamodeler_waterclock</ownerDesignName>
<shouldBeOpen>false</shouldBeOpen>
<selectedRDBMSSite>32076570-2523-435C-2E92-BF29817DFF70</selectedRDBMSSite>
</relationalModel>