<?xml version = '1.0' encoding = 'UTF-8'?>
<FKIndexAssociation class="oracle.dbtools.crest.model.design.relational.FKIndexAssociation" directorySegmentName="seg_0" id="71DD2A0F-315A-EC1F-0EE8-888A96C98F3E" containerWithKeyObject="1295AB61-17DF-3EA9-D2E5-8764643504E6" localFKIndex="30F0DD21-DD97-3A28-883A-3BE1BC393193" name="FK_ENDERECO_USUARIO">
<createdBy>logonrmlocal</createdBy>
<createdTime>2019-05-23 13:37:26 UTC</createdTime>
<generatorID>E4DB2AD5-D523-FC05-6862-CFB051456F6E</generatorID>
<ownerDesignName>datamodeler_waterclock</ownerDesignName>
<referredTableLongName>T_USUARIO</referredTableLongName>
<deleteRule>NO ACTION</deleteRule>
<referredTableID>CF59B837-0092-0C0E-795D-BF3618CC1903</referredTableID>
<keyObject>4AB7C556-200A-753A-6F23-5B49D8813588</keyObject>
<referredKeyID>4AB7C556-200A-753A-6F23-5B49D8813588</referredKeyID>
<mandatory>true</mandatory>
<refColNames>cd_usuario</refColNames>
<transferable>true</transferable>
<rely>false</rely>
<columnDependencyConstraintGenerateInDDL>true</columnDependencyConstraintGenerateInDDL>
</FKIndexAssociation>