<?xml version = '1.0' encoding = 'UTF-8'?>
<FKIndexAssociation class="oracle.dbtools.crest.model.design.relational.FKIndexAssociation" directorySegmentName="seg_0" id="799B59D8-191B-A815-5ABC-1FF90425F169" containerWithKeyObject="7D2F8493-9F70-6D06-3D27-7FD15BA116A8" localFKIndex="219BF0FC-A86C-CCA2-1B21-3796A9070A7B" name="FK_CONSUMO_DIARIO_MENSAL">
<createdBy>logonrmlocal</createdBy>
<createdTime>2019-05-23 13:37:25 UTC</createdTime>
<generatorID>2971F2D7-588E-75E3-2B06-1CEAB79275E9</generatorID>
<ownerDesignName>datamodeler_waterclock</ownerDesignName>
<referredTableLongName>T_CONSUMO_MENSAL</referredTableLongName>
<deleteRule>NO ACTION</deleteRule>
<referredTableID>13BA9E4E-3292-EA8F-7890-A4CDD4C37E37</referredTableID>
<keyObject>C357DB6D-B0BD-E496-0A4F-3C898AD3C8F7</keyObject>
<referredKeyID>C357DB6D-B0BD-E496-0A4F-3C898AD3C8F7</referredKeyID>
<mandatory>true</mandatory>
<refColNames>cd_endereco,dt_mes</refColNames>
<transferable>true</transferable>
<rely>false</rely>
<columnDependencyConstraintGenerateInDDL>true</columnDependencyConstraintGenerateInDDL>
</FKIndexAssociation>