<?xml version = '1.0' encoding = 'UTF-8'?>
<FKIndexAssociation class="oracle.dbtools.crest.model.design.relational.FKIndexAssociation" directorySegmentName="seg_0" id="D747EF91-FD59-C5D6-B9B5-583ADBD72E08" containerWithKeyObject="13BA9E4E-3292-EA8F-7890-A4CDD4C37E37" localFKIndex="C586E9A2-6A16-A885-8650-24295CE27829" name="PK_CONSUMO_MES_ENDERECO">
<createdBy>logonrmlocal</createdBy>
<createdTime>2019-05-23 13:37:26 UTC</createdTime>
<generatorID>DCA1D05E-D424-4721-9FC4-DDD59BE9C92D</generatorID>
<ownerDesignName>datamodeler_waterclock</ownerDesignName>
<referredTableLongName>T_ENDERECO</referredTableLongName>
<deleteRule>NO ACTION</deleteRule>
<referredTableID>1295AB61-17DF-3EA9-D2E5-8764643504E6</referredTableID>
<keyObject>6FABFF46-3AE5-C69A-CFCA-382D07974F24</keyObject>
<referredKeyID>6FABFF46-3AE5-C69A-CFCA-382D07974F24</referredKeyID>
<mandatory>true</mandatory>
<refColNames>cd_endereco</refColNames>
<transferable>true</transferable>
<rely>false</rely>
<columnDependencyConstraintGenerateInDDL>true</columnDependencyConstraintGenerateInDDL>
</FKIndexAssociation>