<?xml version = '1.0' encoding = 'UTF-8'?>
<Entity class="oracle.dbtools.crest.model.design.logical.Entity" directorySegmentName="seg_0" id="B316AF3D-311A-F25A-20A0-2A65A78E17CC" name="T_CONSUMO_MENSAL">
<createdBy>logonrmlocal</createdBy>
<createdTime>2019-05-23 13:23:33 UTC</createdTime>
<ownerDesignName>datamodeler_waterclock</ownerDesignName>
<engineerTo>
<item key="1ABA69F0-90DD-0FE7-676A-4791D01672BC" value="true"/>
</engineerTo>
<adequatelyNormalized>NO</adequatelyNormalized>
<expectedVolumes>0</expectedVolumes>
<fwdEngineeringStrategyName>Single Table</fwdEngineeringStrategyName>
<growthPercent>0</growthPercent>
<growthType>Year</growthType>
<maxVolumes>9999999</maxVolumes>
<minVolumes>0</minVolumes>
<normalForm>Third</normalForm>
<attributes itemClass="oracle.dbtools.crest.model.design.logical.Attribute">
<Attribute name="dt_mes" id="DBB3D422-384D-DAB1-DE15-834B68230CE2">
<createdBy>logonrmlocal</createdBy>
<createdTime>2019-05-23 13:23:46 UTC</createdTime>
<ownerDesignName>datamodeler_waterclock</ownerDesignName>
<engineerTo>
<item key="1ABA69F0-90DD-0FE7-676A-4791D01672BC" value="true"/>
</engineerTo>
<useDomainConstraints>false</useDomainConstraints>
<use>1</use>
<logicalDatatype>LOGDT007</logicalDatatype>
<ownDataTypeParameters>,,</ownDataTypeParameters>
</Attribute>
<Attribute name="cd_endereco" id="AFBFEF42-8FC3-13FE-BECB-4F2592D37EEF">
<createdBy>logonrmlocal</createdBy>
<createdTime>2019-05-23 13:27:24 UTC</createdTime>
<generatorID>DCA1D05E-D424-4721-9FC4-DDD59BE9C92D</generatorID>
<ownerDesignName>datamodeler_waterclock</ownerDesignName>
<engineerTo>
<item key="1ABA69F0-90DD-0FE7-676A-4791D01672BC" value="true"/>
</engineerTo>
<referedAttribute>3D36CFA6-62B6-F4DE-7A23-4CF07BD75014</referedAttribute>
<useDomainConstraints>false</useDomainConstraints>
<use>1</use>
<logicalDatatype>LOGDT019</logicalDatatype>
<dataTypePrecision>7</dataTypePrecision>
<ownDataTypeParameters>,,</ownDataTypeParameters>
</Attribute>
<Attribute name="vl_tarifa" id="200A45FD-C43E-E864-C719-4191B2CAED4E">
<createdBy>logonrmlocal</createdBy>
<createdTime>2019-05-23 13:24:03 UTC</createdTime>
<ownerDesignName>datamodeler_waterclock</ownerDesignName>
<engineerTo>
<item key="1ABA69F0-90DD-0FE7-676A-4791D01672BC" value="true"/>
</engineerTo>
<useDomainConstraints>false</useDomainConstraints>
<use>1</use>
<logicalDatatype>LOGDT019</logicalDatatype>
<dataTypePrecision>6</dataTypePrecision>
<dataTypeScale>2</dataTypeScale>
<ownDataTypeParameters>,6,2</ownDataTypeParameters>
</Attribute>
<Attribute name="nr_volume_mensal" id="FAF37F3E-6ADE-7D2A-E502-E446F83BD853">
<createdBy>logonrmlocal</createdBy>
<createdTime>2019-05-23 13:24:11 UTC</createdTime>
<ownerDesignName>datamodeler_waterclock</ownerDesignName>
<engineerTo>
<item key="1ABA69F0-90DD-0FE7-676A-4791D01672BC" value="true"/>
</engineerTo>
<useDomainConstraints>false</useDomainConstraints>
<use>1</use>
<logicalDatatype>LOGDT019</logicalDatatype>
<dataTypePrecision>12</dataTypePrecision>
<dataTypeScale>4</dataTypeScale>
<ownDataTypeParameters>,12,4</ownDataTypeParameters>
</Attribute>
<Attribute name="vl_conta_mensal" id="5683EF77-653C-8C39-94B8-047D1185A30B">
<createdBy>logonrmlocal</createdBy>
<createdTime>2019-05-23 13:24:23 UTC</createdTime>
<ownerDesignName>datamodeler_waterclock</ownerDesignName>
<engineerTo>
<item key="1ABA69F0-90DD-0FE7-676A-4791D01672BC" value="true"/>
</engineerTo>
<useDomainConstraints>false</useDomainConstraints>
<use>1</use>
<logicalDatatype>LOGDT019</logicalDatatype>
<dataTypePrecision>9</dataTypePrecision>
<dataTypeScale>2</dataTypeScale>
<ownDataTypeParameters>,9,2</ownDataTypeParameters>
</Attribute>
</attributes>
<identifiers itemClass="oracle.dbtools.crest.model.design.logical.CandidateKey">
<identifier id="3F8D808C-7642-01A1-8C6E-283B6D1B0C62" name="T_CONSUMO_MENSAL PK">
<createdBy>logonrmlocal</createdBy>
<createdTime>2019-05-23 13:23:56 UTC</createdTime>
<ownerDesignName>datamodeler_waterclock</ownerDesignName>
<engineerTo>
<item key="1ABA69F0-90DD-0FE7-676A-4791D01672BC" value="true"/>
</engineerTo>
<pk>true</pk>
<usedAttributes>
<attributeRef>AFBFEF42-8FC3-13FE-BECB-4F2592D37EEF</attributeRef>
<attributeRef>DBB3D422-384D-DAB1-DE15-834B68230CE2</attributeRef>
</usedAttributes>
</identifier>
</identifiers>
</Entity>