<?xml version = '1.0' encoding = 'UTF-8'?>
<Entity class="oracle.dbtools.crest.model.design.logical.Entity" directorySegmentName="seg_0" id="B67E6D2E-79D5-44D1-2237-5B7B8AAF89BB" name="T_USUARIO">
<createdBy>logonrmlocal</createdBy>
<createdTime>2019-05-23 13:14:34 UTC</createdTime>
<ownerDesignName>datamodeler_waterclock</ownerDesignName>
<engineerTo>
<item key="1ABA69F0-90DD-0FE7-676A-4791D01672BC" value="true"/>
</engineerTo>
<adequatelyNormalized>NO</adequatelyNormalized>
<expectedVolumes>0</expectedVolumes>
<fwdEngineeringStrategyName>Single Table</fwdEngineeringStrategyName>
<growthPercent>0</growthPercent>
<growthType>Year</growthType>
<maxVolumes>9999999</maxVolumes>
<minVolumes>0</minVolumes>
<normalForm>Third</normalForm>
<attributes itemClass="oracle.dbtools.crest.model.design.logical.Attribute">
<Attribute name="cd_usuario" id="60FFAF5A-8792-1644-103B-265DE856D054">
<createdBy>logonrmlocal</createdBy>
<createdTime>2019-05-23 13:16:28 UTC</createdTime>
<ownerDesignName>datamodeler_waterclock</ownerDesignName>
<engineerTo>
<item key="1ABA69F0-90DD-0FE7-676A-4791D01672BC" value="true"/>
</engineerTo>
<useDomainConstraints>false</useDomainConstraints>
<use>1</use>
<logicalDatatype>LOGDT019</logicalDatatype>
<dataTypePrecision>7</dataTypePrecision>
<ownDataTypeParameters>,7,</ownDataTypeParameters>
</Attribute>
<Attribute name="ds_email" id="B191DEA7-2960-F2F0-AEA8-50EA00F3EF1F">
<createdBy>logonrmlocal</createdBy>
<createdTime>2019-05-23 13:16:43 UTC</createdTime>
<ownerDesignName>datamodeler_waterclock</ownerDesignName>
<engineerTo>
<item key="1ABA69F0-90DD-0FE7-676A-4791D01672BC" value="true"/>
</engineerTo>
<useDomainConstraints>false</useDomainConstraints>
<use>1</use>
<logicalDatatype>LOGDT024</logicalDatatype>
<dataTypeSize>60</dataTypeSize>
<ownDataTypeParameters>60,,</ownDataTypeParameters>
</Attribute>
<Attribute name="ds_senha" id="D24BEA08-6A27-AFFF-B51C-554DDD3DE912">
<createdBy>logonrmlocal</createdBy>
<createdTime>2019-05-23 13:16:54 UTC</createdTime>
<ownerDesignName>datamodeler_waterclock</ownerDesignName>
<engineerTo>
<item key="1ABA69F0-90DD-0FE7-676A-4791D01672BC" value="true"/>
</engineerTo>
<useDomainConstraints>false</useDomainConstraints>
<use>1</use>
<logicalDatatype>LOGDT024</logicalDatatype>
<dataTypeSize>30</dataTypeSize>
<ownDataTypeParameters>30,,</ownDataTypeParameters>
</Attribute>
<Attribute name="nm_usuario" id="D767D058-4083-F794-A240-CFB9CADE8B0A">
<createdBy>logonrmlocal</createdBy>
<createdTime>2019-05-23 13:17:07 UTC</createdTime>
<ownerDesignName>datamodeler_waterclock</ownerDesignName>
<engineerTo>
<item key="1ABA69F0-90DD-0FE7-676A-4791D01672BC" value="true"/>
</engineerTo>
<useDomainConstraints>false</useDomainConstraints>
<use>1</use>
<logicalDatatype>LOGDT024</logicalDatatype>
<dataTypeSize>60</dataTypeSize>
<ownDataTypeParameters>60,,</ownDataTypeParameters>
</Attribute>
<Attribute name="nr_cpf" id="427AF7A7-8B0F-124D-0B41-72088931F648">
<createdBy>logonrmlocal</createdBy>
<createdTime>2019-05-23 13:17:17 UTC</createdTime>
<ownerDesignName>datamodeler_waterclock</ownerDesignName>
<engineerTo>
<item key="1ABA69F0-90DD-0FE7-676A-4791D01672BC" value="true"/>
</engineerTo>
<useDomainConstraints>false</useDomainConstraints>
<use>1</use>
<logicalDatatype>LOGDT019</logicalDatatype>
<dataTypePrecision>11</dataTypePrecision>
<ownDataTypeParameters>,11,</ownDataTypeParameters>
</Attribute>
</attributes>
<identifiers itemClass="oracle.dbtools.crest.model.design.logical.CandidateKey">
<identifier id="BB23BE3F-ED9C-1896-6561-3ABE301A2EC7" name="T_USUARIO PK">
<createdBy>logonrmlocal</createdBy>
<createdTime>2019-05-23 13:16:36 UTC</createdTime>
<ownerDesignName>datamodeler_waterclock</ownerDesignName>
<engineerTo>
<item key="1ABA69F0-90DD-0FE7-676A-4791D01672BC" value="true"/>
</engineerTo>
<pk>true</pk>
<usedAttributes>
<attributeRef>60FFAF5A-8792-1644-103B-265DE856D054</attributeRef>
</usedAttributes>
</identifier>
</identifiers>
</Entity>