<?xml version = '1.0' encoding = 'UTF-8'?>
<Entity class="oracle.dbtools.crest.model.design.logical.Entity" directorySegmentName="seg_0" id="FFD9CA73-8350-6E9E-E711-673A5C4BD8C3" name="T_CONSUMO_DIARIO">
<createdBy>logonrmlocal</createdBy>
<createdTime>2019-05-23 13:24:45 UTC</createdTime>
<ownerDesignName>datamodeler_waterclock</ownerDesignName>
<engineerTo>
<item key="1ABA69F0-90DD-0FE7-676A-4791D01672BC" value="true"/>
</engineerTo>
<adequatelyNormalized>NO</adequatelyNormalized>
<expectedVolumes>0</expectedVolumes>
<fwdEngineeringStrategyName>Single Table</fwdEngineeringStrategyName>
<growthPercent>0</growthPercent>
<growthType>Year</growthType>
<maxVolumes>9999999</maxVolumes>
<minVolumes>0</minVolumes>
<normalForm>Third</normalForm>
<attributes itemClass="oracle.dbtools.crest.model.design.logical.Attribute">
<Attribute name="dt_dia" id="0733908B-AE8F-B826-76DE-5C0B6CA23C1D">
<createdBy>logonrmlocal</createdBy>
<createdTime>2019-05-23 13:25:00 UTC</createdTime>
<ownerDesignName>datamodeler_waterclock</ownerDesignName>
<engineerTo>
<item key="1ABA69F0-90DD-0FE7-676A-4791D01672BC" value="true"/>
</engineerTo>
<use>0</use>
<ownDataTypeParameters>,,</ownDataTypeParameters>
</Attribute>
<Attribute name="dt_mes" id="4392238E-3F1C-CD3B-ABFC-3272D4DC5AF3">
<createdBy>logonrmlocal</createdBy>
<createdTime>2019-05-23 13:35:25 UTC</createdTime>
<generatorID>2971F2D7-588E-75E3-2B06-1CEAB79275E9</generatorID>
<ownerDesignName>datamodeler_waterclock</ownerDesignName>
<engineerTo>
<item key="1ABA69F0-90DD-0FE7-676A-4791D01672BC" value="true"/>
</engineerTo>
<referedAttribute>DBB3D422-384D-DAB1-DE15-834B68230CE2</referedAttribute>
<useDomainConstraints>false</useDomainConstraints>
<use>1</use>
<logicalDatatype>LOGDT007</logicalDatatype>
<ownDataTypeParameters>,,</ownDataTypeParameters>
</Attribute>
<Attribute name="cd_endereco" id="A4C2D536-938B-63F5-AD2B-7D29E735F08B">
<createdBy>logonrmlocal</createdBy>
<createdTime>2019-05-23 13:27:54 UTC</createdTime>
<generatorID>2971F2D7-588E-75E3-2B06-1CEAB79275E9</generatorID>
<ownerDesignName>datamodeler_waterclock</ownerDesignName>
<engineerTo>
<item key="1ABA69F0-90DD-0FE7-676A-4791D01672BC" value="true"/>
</engineerTo>
<referedAttribute>AFBFEF42-8FC3-13FE-BECB-4F2592D37EEF</referedAttribute>
<use>1</use>
<logicalDatatype>LOGDT019</logicalDatatype>
<dataTypePrecision>7</dataTypePrecision>
<ownDataTypeParameters>,,</ownDataTypeParameters>
</Attribute>
<Attribute name="nr_volume_diario" id="5DDEE17D-F87D-F2CD-94D3-3D20E8EE175C">
<createdBy>logonrmlocal</createdBy>
<createdTime>2019-05-23 13:25:07 UTC</createdTime>
<ownerDesignName>datamodeler_waterclock</ownerDesignName>
<engineerTo>
<item key="1ABA69F0-90DD-0FE7-676A-4791D01672BC" value="true"/>
</engineerTo>
<useDomainConstraints>false</useDomainConstraints>
<use>1</use>
<logicalDatatype>LOGDT019</logicalDatatype>
<dataTypePrecision>10</dataTypePrecision>
<dataTypeScale>4</dataTypeScale>
<ownDataTypeParameters>,10,4</ownDataTypeParameters>
</Attribute>
<Attribute name="hr_ultima_checagem" id="5245F1A9-74F1-BEE7-8026-F6A7FE85C163">
<createdBy>logonrmlocal</createdBy>
<createdTime>2019-05-23 13:25:24 UTC</createdTime>
<ownerDesignName>datamodeler_waterclock</ownerDesignName>
<engineerTo>
<item key="1ABA69F0-90DD-0FE7-676A-4791D01672BC" value="true"/>
</engineerTo>
<useDomainConstraints>false</useDomainConstraints>
<use>1</use>
<logicalDatatype>LOGDT007</logicalDatatype>
<ownDataTypeParameters>,,</ownDataTypeParameters>
</Attribute>
</attributes>
<identifiers itemClass="oracle.dbtools.crest.model.design.logical.CandidateKey">
<identifier id="0096568C-20A7-6F58-1393-FDF9D3E4B7DF" name="T_CONSUMO_DIARIO PK">
<createdBy>logonrmlocal</createdBy>
<createdTime>2019-05-23 13:25:05 UTC</createdTime>
<ownerDesignName>datamodeler_waterclock</ownerDesignName>
<engineerTo>
<item key="1ABA69F0-90DD-0FE7-676A-4791D01672BC" value="true"/>
</engineerTo>
<pk>true</pk>
<usedAttributes>
<attributeRef>0733908B-AE8F-B826-76DE-5C0B6CA23C1D</attributeRef>
<attributeRef>A4C2D536-938B-63F5-AD2B-7D29E735F08B</attributeRef>
<attributeRef>4392238E-3F1C-CD3B-ABFC-3272D4DC5AF3</attributeRef>
</usedAttributes>
</identifier>
</identifiers>
</Entity>