<?xml version = '1.0' encoding = 'UTF-8'?>
<Diagram class="oracle.dbtools.crest.swingui.logical.DPVLogical" name="Logical" id="DD7F2408-A422-5802-9370-E668137E3755">
<createdBy>logonrmlocal</createdBy>
<modifiedBy>logonrmlocal</modifiedBy>
<createdTime>2019-05-23 13:14:27 UTC</createdTime>
<autoRoute>false</autoRoute>
<boxInbox>true</boxInbox>
<showLegend>false</showLegend>
<showLabels>false</showLabels>
<showRelAttributes>false</showRelAttributes>
<gridEnabled>false</gridEnabled>
<showGrid>false</showGrid>
<diagramColor>-1</diagramColor>
<display>false</display>
<notation>1</notation>
<objectViews>
<OView class="oracle.dbtools.crest.swingui.logical.TVEntity" oid="1D9F8672-3683-900D-DAF8-F714DEAE0D00" otype="Entity" vid="1C9C257B-85C6-D8B1-9A65-5D7C42B15AF8">
<hideElementsInCurrentOnly>false</hideElementsInCurrentOnly>
<bounds x="53" y="33" width="189" height="159"/>
</OView>
<OView class="oracle.dbtools.crest.swingui.logical.TVEntity" oid="B316AF3D-311A-F25A-20A0-2A65A78E17CC" otype="Entity" vid="6E4C179C-080D-F420-8927-7242B7C7FB47">
<hideElementsInCurrentOnly>false</hideElementsInCurrentOnly>
<bounds x="51" y="299" width="170" height="110"/>
</OView>
<OView class="oracle.dbtools.crest.swingui.logical.TVEntity" oid="B67E6D2E-79D5-44D1-2237-5B7B8AAF89BB" otype="Entity" vid="2B4DE41D-7A24-CC42-B333-54613B323465">
<hideElementsInCurrentOnly>false</hideElementsInCurrentOnly>
<bounds x="334" y="56" width="170" height="110"/>
</OView>
<OView class="oracle.dbtools.crest.swingui.logical.TVEntity" oid="FFD9CA73-8350-6E9E-E711-673A5C4BD8C3" otype="Entity" vid="E7261F4A-7ED4-9194-64C7-40728EA992B9">
<hideElementsInCurrentOnly>false</hideElementsInCurrentOnly>
<bounds x="342" y="291" width="170" height="110"/>
</OView>
</objectViews>
<connectors>
<Connector class="oracle.dbtools.crest.swingui.logical.TVRelation" oid="2971F2D7-588E-75E3-2B06-1CEAB79275E9" otype="Relation" vid_source="6E4C179C-080D-F420-8927-7242B7C7FB47" vid_target="E7261F4A-7ED4-9194-64C7-40728EA992B9">
<hideElementsInCurrentOnly>false</hideElementsInCurrentOnly>
<backgroundColor>-16777216</backgroundColor>
<lineWidth>1</lineWidth>
<points>
<point x="221" y="350"/>
<point x="342" y="350"/>
</points>
</Connector>
<Connector class="oracle.dbtools.crest.swingui.logical.TVRelation" oid="DCA1D05E-D424-4721-9FC4-DDD59BE9C92D" otype="Relation" vid_source="1C9C257B-85C6-D8B1-9A65-5D7C42B15AF8" vid_target="6E4C179C-080D-F420-8927-7242B7C7FB47">
<hideElementsInCurrentOnly>false</hideElementsInCurrentOnly>
<backgroundColor>-16777216</backgroundColor>
<lineWidth>1</lineWidth>
<points>
<point x="137" y="192"/>
<point x="137" y="299"/>
</points>
</Connector>
<Connector class="oracle.dbtools.crest.swingui.logical.TVRelation" oid="E4DB2AD5-D523-FC05-6862-CFB051456F6E" otype="Relation" vid_source="2B4DE41D-7A24-CC42-B333-54613B323465" vid_target="1C9C257B-85C6-D8B1-9A65-5D7C42B15AF8">
<hideElementsInCurrentOnly>false</hideElementsInCurrentOnly>
<backgroundColor>-16777216</backgroundColor>
<lineWidth>1</lineWidth>
<points>
<point x="334" y="111"/>
<point x="242" y="111"/>
</points>
</Connector>
</connectors>
</Diagram>